{
  "visual": {
    "name": "Dial Chart",
    "displayName": "DialChart",
    "guid": "PBI_CV_9894B302_1DFF_4A96_ABFE_BF8588197166",
    "visualClassName": "DialChart",
    "version": "1.3.0",
    "description": "",
    "supportUrl": "",
    "gitHubUrl": ""
  },
  "apiVersion": "1.13.0",
  "author": {
    "name": "",
    "email": ""
  },
  "assets": {
    "icon": "assets/icon.png"
  },
  "externalJS": [
    "node_modules/powerbi-visuals-utils-dataviewutils/lib/index.js",
    "node_modules/powerbi-visuals-utils-typeutils/lib/index.js",
    "node_modules/powerbi-visuals-utils-colorutils/lib/index.js",
    "node_modules/d3/d3.min.js"
  ],
  "style": "style/visual.less",
  "capabilities": "capabilities.json"
}
