{
  "supportsHighlight": true,
  "dataRoles": [
    {
      "displayName": "Values",
      "kind": "GroupingOrMeasure",
      "name": "Values"
    },
    {
      "displayName": "Axis",
      "kind": "GroupingOrMeasure",
      "name": "Axis"
    }
  ],
  "dataViewMappings": [
    {
      "scriptResult": {
        "dataInput": {
          "table": {
            "rows": {
              "select": [
                {
                  "for": {
                    "in": "Values"
                  }
                },
                {
                  "for": {
                    "in": "Axis"
                  }
                }
              ],
              "dataReductionAlgorithm": {
                "top": {}
              }
            }
          }
        },
        "script": {
          "scriptProviderDefault": "R",
          "scriptOutputType": "html",
          "source": {
            "objectName": "rcv_script",
            "propertyName": "source"
          },
          "provider": {
            "objectName": "rcv_script",
            "propertyName": "provider"
          }
        }
      }
    }
  ],
  "objects": {
    "rcv_script": {
      "properties": {
        "provider": {
          "type": {
            "text": true
          }
        },
        "source": {
          "type": {
            "scripting": {
              "source": true
            }
          }
        }
      }
    },
    "OutlierSettings": {
      "displayName": "Outlier Detection",
      "displayNameKey": "Visual_Colours",
      "properties": {
        "outlieractive": {
          "displayName": "Remove Outliers",
          "displayNameKey": "Outlier_Detection_active",
          "type": {
            "bool": true
          }
        }
      }
    },
    "ColourSettings": {
      "displayName": "Colouring",
      "displayNameKey": "Visual_Colours",
      "properties": {
        "fill": {
          "displayName": "Colour",
          "displayNameKey": "Visual_Fill",
          "type": {
            "fill": {
              "solid": {
                "color": true
              }
            }
          }
        },
        "thresholdActive": {
          "displayName": "Threshold Colouring",
          "displayNameKey": "Visual_Colour_Active",
          "type": {
            "bool": true
          }
        },
        "threshold1": {
          "displayName": "Threshold 1",
          "displayNameKey": "Visual_Threshold_1_Val",
          "type": {
            "numeric": true
          }
        },
        "colour1": {
          "displayName": "Threshold 1 Colour",
          "displayNameKey": "Visual_Threshold_1_Colour",
          "type": {
            "fill": {
              "solid": {
                "color": true
              }
            }
          }
        },
        "threshold2": {
          "displayName": "Threshold 2",
          "displayNameKey": "Visual_Threshold_2_Val",
          "type": {
            "numeric": true
          }
        },
        "colour2": {
          "displayName": "Threshold 2 Colour",
          "displayNameKey": "Visual__Threshold_2_Colour",
          "type": {
            "fill": {
              "solid": {
                "color": true
              }
            }
          }
        }
      }
    }
  },
  "suppressDefaultTitle": true
}
