{
  "dataRoles": [
    {
      "name": "Date",
      "kind": "Grouping",
      "displayName": "Date",
      "displayNameKey": "Visual_Date"
    },
    {
      "name": "Values",
      "kind": "Measure",
      "displayName": "Values",
      "displayNameKey": "Visual_Values"
    },
    {
      "name": "Counter",
      "kind": "Measure",
      "displayName": "Counter",
      "displayNameKey": "Visual_Counter"
    }
],
"dataViewMappings": [
    {
      "conditions": [
        {
          "Date": {
            "min": 0,
            "max": 1
          },
          "Values": {
            "min": 0,
            "max": 1
          },
          "Counter": {
            "min": 0,
            "max": 1
          },
          "Labels": {
            "min": 0,
            "max": 1
          }
        }
      ],
      "categorical": {
        "categories": {
          "select": [
            {
              "for": {
                "in": "Date"
              }
            }
          ],
          "dataReductionAlgorithm": {
            "top": {
              "count": 10000
            }
          }
        },
        "values": {
          "select": [
            {
              "bind": {
                "to": "Values"
              }
            },
             {
              "bind": {
                "to": "Counter"
              }
            }
          ]
        }
      }
    }
  ],
  "objects": {
    "lineoptions": {
      "displayName": "Line",
      "displayNameKey": "Visual_Line",
      "properties": {
        "fill": {
          "displayName": "Fill",
          "displayNameKey": "Visual_Fill",
          "type": {
            "fill": {
              "solid": {
                "color": true
              }
            }
          }
        },
        "lineThickness": {
          "displayName": "Thickness",
          "displayNameKey": "Visual_Thickness",
          "type": {
            "numeric": true
          }
        },
        "lineMinorThreshold": {
          "displayName": "Minor Threshold",
          "displayNameKey": "Minor_Threshold",
          "type": {
            "numeric": true
          }
        },
        "lineMajorThreshold": {
          "displayName": "Major Threshold",
          "displayNameKey": "Major_Threshold",
          "type": {
            "numeric": true
          }
        },
        "lineMinorThresholdColor": {
          "displayName": "Minor Th. Color",
          "displayNameKey": "Visual_Color2",
          "type": {
            "fill": {
              "solid": {
                "color": true
              }
            }
          }
        },
        "lineMajorThresholdColor": {
          "displayName": "Major Th. Color",
          "displayNameKey": "Visual_Color3",
          "type": {
            "fill": {
              "solid": {
                "color": true
              }
            }
          }
        },
        "lineThreshold": {
          "displayName": "Threshold Enabled",
          "displayNameKey": "Threshold_Enables",
          "type": {
            "bool": true
          }
        }
      }
    },
    "dotoptions": {
      "displayName": "Dot",
      "displayNameKey": "Visual_Dot",
      "properties": {
        "show": {
          "displayName": "Show",
          "displayNameKey": "Visual_Show",
          "type": {
            "bool": true
          }
        },
        "percentile": {
          "displayName": "Opacity",
          "displayNameKey": "Visual_Opacity",
         "type": {
            "numeric": true
          }
        },
        "color": {
          "displayName": "Fill",
          "displayNameKey": "Visual_Fill",
          "type": {
            "fill": {
              "solid": {
                "color": true
              }
            }
          }
        },
        "dotSizeMin": {
          "displayName": "Min size",
          "displayNameKey": "Visual_MinSize",
          "type": {
            "numeric": true
          }
        },
        "dotSizeMax": {
          "displayName": "Max size",
          "displayNameKey": "Visual_MaxSize",
          "type": {
            "numeric": true
          }
        }
      }
    },
    "xAxis": {
      "displayName": "X-Axis",
      "displayNameKey": "Visual_XAxis",
      "properties": {
        "show": {
          "displayName": "Show",
          "displayNameKey": "Visual_Show",
          "type": {
            "bool": true
          }
        },
        "color": {
          "displayName": "Color",
          "displayNameKey": "Visual_Color",
          "type": {
            "fill": {
              "solid": {
                "color": true
              }
            }
          }
        },
        "textSize": {
          "displayName": "Text Size",
          "displayNameKey": "Visual_TextSize",
          "type": {
              "numeric": true
          }
        }
      }
    },
    "yAxis": {
      "displayName": "Y-Axis",
      "displayNameKey": "Visual_YAxis",
      "properties": {
        "show": {
          "displayName": "Show",
          "displayNameKey": "Visual_Show",
          "type": {
            "bool": true
          }
        },
        "color": {
          "displayName": "Color",
          "displayNameKey": "Visual_Color",
          "type": {
            "fill": {
              "solid": {
                "color": true
              }
            }
          }
        },
        "textSize": {
          "displayName": "Text Size",
          "displayNameKey": "Visual_TextSize",
          "type": {
              "numeric": true
          }
        },
        "isDuplicated": {
          "displayName": "Duplicated",
          "displayNameKey": "Visual_Duplicated",
          "type": {
            "bool": true
          }
        },
        "dynamicScaling": {
          "displayName": "Scaled",
          "displayNameKey": "Dynamic_Scaling",
          "type": {
            "bool": true
          }
        },
        "yscalemaxin":{
          "displayName": "max height",
          "displayNameKey": "dynymax",
          "type": {
            "numeric": true
          }
        },
        "yscaleminin":{
          "displayName": "minimum height",
          "displayNameKey": "dynymin",
          "type": {
            "numeric": true
          }
        }
      }
    },
    "counteroptions": {
      "displayName": "Counter",
      "displayNameKey": "Visual_Counter",
      "properties": {
        "counterTitle": {
          "displayName": "Title",
          "displayNameKey": "Visual_Title",
          "type": {
            "text": true
          }
        }
      }
    }
  },
  "supportsHighlight": true
}
